/player/brian-robison?position=EDGE, Brian Robison, DE, Texas,2007
/player/brian-orakpo?position=EDGE, Brian Orakpo, DE, Texas,2009
/player/bronson-kaufusi?position=EDGE, Bronson Kaufusi, DE, BYU,2016
/player/bryan-cox-jr?position=EDGE, Bryan Cox Jr., DE, Florida,2017
/player/brian-young?position=EDGE, Brian Young, DE, UTEP,2000
/player/bryan-mattison?position=EDGE, Bryan Mattison, DE, Iowa,2008
/player/bryan-thomas?position=EDGE, Bryan Thomas, DE, UAB,2002
/player/bryant-mcneal?position=EDGE, Bryant McNeal, DE, Clemson,2003
/player/bryce-fisher?position=EDGE, Bryce Fisher, DE, Air Force,1999
/player/bud-dupree?position=EDGE, Bud Dupree, DE, Kentucky,2015
/player/byron-frisch?position=EDGE, Byron Frisch, DE, BYU,2000
/player/cj-wilson-2010?position=EDGE, C.J. Wilson, DE, ECU,2010
/player/cj-ahyou?position=EDGE, CJ Ah You, DE, Oklahoma,2007
/player/calais-campbell?position=EDGE, Calais Campbell, DE, Miami,2008
/player/calvin-pace?position=EDGE, Calvin Pace, DE, Wake Forest,2003
/player/cam-johnson?position=EDGE, Cam Johnson, DE, Virginia,2012
/player/cameron-heyward?position=EDGE, Cameron Heyward, DE, Ohio State,2011
/player/cameron-jordan?position=EDGE, Cameron Jordan, DE, California,2011
/player/carl-lawson?position=EDGE, Carl Lawson, DE, Auburn,2017
/player/carl-nassib?position=EDGE, Carl Nassib, DE, Penn State,2016
/player/aaron-lynch?position=EDGE, Aaron  Lynch, DE, South Florida,2014
/player/aaron-fields?position=EDGE, Aaron Fields, DE, Troy,2000
/player/aaron-humphrey?position=EDGE, Aaron Humphrey, DE, Texas,2000
/player/aaron-hunt?position=EDGE, Aaron Hunt, DE, Texas Tech,2003
/player/aaron-maybin?position=EDGE, Aaron Maybin, DE, Penn State,2009
/player/aaron-schobel?position=EDGE, Aaron Schobel, DE, TCU,2001
/player/aaron-smith?position=EDGE, Aaron Smith, DE, Northern Colorado,1999
/player/aaron-williams?position=EDGE, Aaron Williams, DE, Indiana,1999
/player/abraham-wright?position=EDGE, Abraham Wright, DE, Colorado,2007
/player/adalius-thomas?position=EDGE, Adalius Thomas, DE, Southern Miss,2000
/player/adam-carriker?position=EDGE, Adam Carriker, DE, Nebraska,2007
/player/adell-duckett?position=EDGE, Adell Duckett, DE, Texas Tech,2005
/player/adrian-awasom?position=EDGE, Adrian Awasom, DE, North Texas,2005
/player/adrian-clayborn?position=EDGE, Adrian Clayborn, DE, Iowa,2011
/player/adrian-dingle?position=EDGE, Adrian Dingle, DE, Clemson,1999
/player/al-quadin-muhammad?position=EDGE, Al-Quadin Muhammad, DE, Miami,2017
/player/aldon-smith?position=EDGE, Aldon Smith, DE, Missouri,2011
/player/alex-carrington?position=EDGE, Alex Carrington, DE, Arkansas State,2010
/player/alex-mccalister?position=EDGE, Alex McCalister, DE, Florida,2016
/player/alex-okafor?position=EDGE, Alex Okafor, DE, Texas,2013
/player/carlos-dunlap?position=EDGE, Carlos Dunlap, DE, Florida,2010
/player/carlos-hall?position=EDGE, Carlos Hall, DE, Arkansas,2002
/player/carroll-phillips?position=EDGE, Carroll Phillips, DE, Illinois,2017
/player/cassius-marsh?position=EDGE, Cassius Marsh, DE, UCLA,2014
/player/cedric-reed?position=EDGE, Cedric Reed, DE, Texas,2015
/player/cedric-scott?position=EDGE, Cedric Scott, DE, Southern Miss,2001
/player/chandler-jones?position=EDGE, Chandler Jones, DE, Syracuse,2012
/player/charles-bennett?position=EDGE, Charles Bennett, DE, Clemson,2006
/player/charles-grant?position=EDGE, Charles Grant, DE, Georgia,2002
/player/charles-harris?position=EDGE, Charles Harris, DE, Missouri,2017
/player/charles-johnson?position=EDGE, Charles Johnson, DE, Georgia,2007
/player/charles-tapper?position=EDGE, Charles Tapper, DE, Oklahoma,2016
/player/chase-ortiz?position=EDGE, Chase Ortiz, DE, TCU,2008
/player/chauncey-davis?position=EDGE, Chauncey Davis, DE, Florida State,2005
/player/cheta-ozougwu?position=EDGE, Cheta Ozougwu, DE, Rice,2011
/player/chris-smith?position=EDGE, Chris  Smith, DE, Arkansas,2014
/player/chris-cooper?position=EDGE, Chris Cooper, DE, Nebraska-Omaha,2001
/player/chris-ellis?position=EDGE, Chris Ellis, DE, Virginia Tech,2008
/player/chris-gocong?position=EDGE, Chris Gocong, DE, Cal Poly,2006
/player/chris-harrington?position=EDGE, Chris Harrington, DE, Texas A&M,2008
/player/austen-lane?position=EDGE, Austen Lane, DE, Murray State,2010
/player/avery-moss?position=EDGE, Avery Moss, DE, Youngstown State,2017
/player/bj-dubose?position=EDGE, B.J. Dubose, DE, Louisville,2015
/player/baraka-atkins?position=EDGE, Baraka Atkins, DE, Miami,2007
/player/barkevious-mingo?position=EDGE, Barkevious Mingo, DE, LSU,2013
/player/benard-thomas?position=EDGE, Benard Thomas, DE, Nebraska,2005
/player/bill-swancutt?position=EDGE, Bill Swancutt, DE, Oregon State,2005
/player/billy-winn?position=EDGE, Billy Winn, DE, Boise State,2012
/player/bjoern-werner?position=EDGE, Bjoern Werner, DE, Florida State,2013
/player/bo-schobel?position=EDGE, Bo Schobel, DE, TCU,2004
/player/bobby-mccray?position=EDGE, Bobby McCray, DE, Florida,2004
/player/brad-scioli?position=EDGE, Brad Scioli, DE, Penn State,1999
/player/brady-poppinga?position=EDGE, Brady Poppinga, DE, BYU,2005
/player/branden-jackson?position=EDGE, Branden Jackson, DE, Texas Tech,2016
/player/brandon-bair?position=EDGE, Brandon Bair, DE, Oregon,2011
/player/brandon-green?position=EDGE, Brandon Green, DE, Rice,2003
/player/brandon-jenkins?position=EDGE, Brandon Jenkins, DE, Florida State,2013
/player/brandon-lang?position=EDGE, Brandon Lang, DE, Troy,2010
/player/brandon-williams-2009?position=EDGE, Brandon Williams, DE, Texas Tech,2009
/player/brett-keisel?position=EDGE, Brett Keisel, DE, BYU,2002
/player/allen-bailey?position=EDGE, Allen Bailey, DE, Miami,2011
/player/alonzo-jackson?position=EDGE, Alonzo Jackson, DE, Florida State,2003
/player/alton-weaver?position=EDGE, Alton Weaver, DE, Oklahoma State,1999
/player/andre-branch?position=EDGE, Andre Branch, DE, Clemson,2012
/player/andre-carter?position=EDGE, Andre Carter, DE, California,2001
/player/andre-frazier?position=EDGE, Andre Frazier, DE, Cincinnati,2005
/player/andrew-shull?position=EDGE, Andrew Shull, DE, Kansas State,2004
/player/andrew-williams?position=EDGE, Andrew Williams, DE, Miami,2003
/player/anthony-chickillo?position=EDGE, Anthony Chickillo, DE, Miami,2015
/player/anthony-herron?position=EDGE, Anthony Herron, DE, Iowa,2001
/player/anthony-spencer?position=EDGE, Anthony Spencer, DE, Purdue,2007
/player/anton-palepoi?position=EDGE, Anton Palepoi, DE, UNLV,2002
/player/antonio-cochran?position=EDGE, Antonio Cochran, DE, Georgia,1999
/player/antonio-smith?position=EDGE, Antonio Smith, DE, Oklahoma State,2004
/player/antwan-applewhite?position=EDGE, Antwan Applewhite, DE, San Diego State,2007
/player/antwan-barnes?position=EDGE, Antwan Barnes, DE, FIU,2007
/player/antwan-lake?position=EDGE, Antwan Lake, DE, West Virginia,2002
/player/antwan-odom?position=EDGE, Antwan Odom, DE, Alabama,2004
/player/armonty-bryant?position=EDGE, Armonty Bryant, DE, East Central,2013
/player/arnold-miller?position=EDGE, Arnold Miller, DE, LSU,1999
/player/chris-kelsay?position=EDGE, Chris Kelsay, DE, Nebraska,2003
/player/chris-long?position=EDGE, Chris Long, DE, Virginia,2008
/player/chris-wormley?position=EDGE, Chris Wormley, DL, Michigan,2017
/player/christian-ballard?position=EDGE, Christian Ballard, DE, Iowa,2011
/player/claude-harriott?position=EDGE, Claude Harriott, DE, Pittsburgh,2004
/player/cliff-matthews?position=EDGE, Cliff Matthews, DE, South Carolina,2011
/player/clifford-dukes?position=EDGE, Clifford Dukes, DE, Michigan State,2005
/player/clifton-geathers?position=EDGE, Clifton Geathers, DE, South Carolina,2010
/player/clifton-washburn?position=EDGE, Clifton Washburn, DE, Citadel,2003
/player/clint-mitchell?position=EDGE, Clint Mitchell, DE, Florida,2003
/player/connor-stephens?position=EDGE, Connor Stephens, DE, Mississippi State,2002
/player/constantin-ritzmann?position=EDGE, Constantin Ritzmann, DE, Tennessee,2004
/player/copeland-bryan?position=EDGE, Copeland Bryan, DE, Arizona,2006
/player/corey-crawford?position=EDGE, Corey Crawford, DE, Clemson,2015
/player/corey-lemonier?position=EDGE, Corey Lemonier, DE, Auburn,2013
/player/corey-terry?position=EDGE, Corey Terry, DE, Tennessee,1999
/player/corey-wootton?position=EDGE, Corey Wootton, DE, Northwestern,2010
/player/cornelius-griffin?position=EDGE, Cornelius Griffin, DE, Alabama,2000
/player/cornelius-washington?position=EDGE, Cornelius Washington, DE, Georgia,2013
/player/cory-redding?position=EDGE, Cory Redding, DE, Texas,2003
/player/david-pollack?position=EDGE, David Pollack, DE, Georgia,2005
/player/david-veikune?position=EDGE, David Veikune, DE, Hawai'i,2009
/player/david-warren?position=EDGE, David Warren, DE, Florida State,2001
/player/dawuane-smoot?position=EDGE, Dawuane Smoot, DE, Illinois,2017
/player/deangelo-lloyd?position=EDGE, DeAngelo Lloyd, DE, Tennessee,2001
/player/deforest-buckner?position=EDGE, DeForest Buckner, DE, Oregon,2016
/player/dewayne-white?position=EDGE, DeWayne White, DE, Louisville,2003
/player/dean-lowry?position=EDGE, Dean Lowry, DE, Northwestern,2016
/player/deatrich-wise?position=EDGE, Deatrich Wise, DE, Arkansas,2017
/player/dee-ford?position=EDGE, Dee Ford, DE, Auburn,2014
/player/demarcus-dobbs?position=EDGE, Demarcus Dobbs, DE, Georgia,2011
/player/demarcus-lawrence?position=EDGE, Demarcus Lawrence, DE, Boise State,2014
/player/demarcus-walker?position=EDGE, Demarcus Walker, DE, Florida State,2017
/player/demetrin-veal?position=EDGE, Demetrin Veal, DE, Tennessee,2003
/player/dennis-johnson?position=EDGE, Dennis Johnson, DE, Kentucky,2002
/player/derek-barnett?position=EDGE, Derek Barnett, DE, Tennessee,2017
/player/derek-rivers?position=EDGE, Derek Rivers, DE, Youngstown State,2017
/player/derek-walker?position=EDGE, Derek Walker, DE, Illinois,2009
/player/derrick-burgess?position=EDGE, Derrick Burgess, DE, Ole Miss,2001
/player/derrick-ham?position=EDGE, Derrick Ham, DE, Miami,1999
/player/daundre-reed?position=EDGE, D'Aundre Reed, DE, Arizona,2011
/player/dj-pettway?position=EDGE, D.J. Pettway, DE, Alabama,2016
/player/daquan-bowers?position=EDGE, DaQuan Bowers, DE, Clemson,2011
/player/dadi-nicolas?position=EDGE, Dadi Nicolas, DE, Virginia Tech,2016
/player/daeshon-hall?position=EDGE, Daeshon Hall, DE, Texas A&M,2017
/player/damontre-moore?position=EDGE, Damontre Moore, DE, Texas A&M,2013
/player/dan-bazuin?position=EDGE, Dan Bazuin, DE, Central Michigan,2007
/player/daniel-teonesheim?position=EDGE, Daniel Te'o-Nesheim, DE, Washington,2010
/player/danielle-hunter?position=EDGE, Danielle Hunter, DE, LSU,2015
/player/dante-fowlerjr?position=EDGE, Dante Fowler Jr., DE, Florida,2015
/player/darrell-adams?position=EDGE, Darrell Adams, DE, Villanova,2006
/player/darren-howard?position=EDGE, Darren Howard, DE, Kansas State,2000
/player/darrion-scott?position=EDGE, Darrion Scott, DE, Ohio State,2004
/player/darryl-tapp?position=EDGE, Darryl Tapp, DE, Virginia Tech,2006
/player/datone-jones?position=EDGE, Datone Jones, DE, UCLA,2013
/player/dave-ball?position=EDGE, Dave Ball, DE, UCLA,2004
/player/david-bass?position=EDGE, David Bass, DE, Missouri Western,2013
/player/david-bowens?position=EDGE, David Bowens, DE, Western Illinois,1999
/player/david-irving?position=EDGE, David Irving, DE, Iowa State,2015
/player/david-mcmillan?position=EDGE, David McMillan, DE, Kansas,2005
/player/derrick-harvey?position=EDGE, Derrick Harvey, DE, Florida,2008
/player/derrick-morgan?position=EDGE, Derrick Morgan, DE, Georgia Tech,2010
/player/derrick-shelby?position=EDGE, Derrick Shelby, DE, Utah,2012
/player/derrius-monroe?position=EDGE, Derrius Monroe, DE, Virginia Tech,2002
/player/devin-taylor?position=EDGE, Devin Taylor, DE, South Carolina,2013
/player/devonte-peterson?position=EDGE, Devonte Peterson, DE, Catawba,2001
/player/dimitrius-underwood?position=EDGE, Dimitrius Underwood, DE, Michigan State,1999
/player/dion-jordan?position=EDGE, Dion Jordan, DE, Oregon,2013
/player/donte-paigemoss?position=EDGE, Donte Paige-Moss, DE, North Carolina,2012
/player/dorian-smith?position=EDGE, Dorian Smith, DE, Oregon State,2008
/player/drew-ott?position=EDGE, Drew Ott, DE, Iowa,2016
/player/dwayne-missouri?position=EDGE, Dwayne Missouri, DE, Northwestern,2001
/player/dwight-freeney?position=EDGE, Dwight Freeney, DE, Syracuse,2002
/player/ej-wilson?position=EDGE, E.J. Wilson, DE, North Carolina,2010
/player/eathyn-manumaleuna?position=EDGE, Eathyn Manumaleuna, DE, BYU,2014
/player/ebenezer-ekuban?position=EDGE, Ebenezer Ekuban, DE, North Carolina,1999
/player/ed-stinson?position=EDGE, Ed Stinson, DE, Alabama,2014
/player/ejuan-price?position=EDGE, Ejuan Price, DE, Pittsburgh,2017
/player/eli-harold?position=EDGE, Eli Harold, DE, Virginia,2015
/player/ellis-wyms?position=EDGE, Ellis Wyms, DE, Mississippi State,2001
/player/elvis-dumervil?position=EDGE, Elvis Dumervil, DE, Louisville,2006
/player/emmanuel-ogbah?position=EDGE, Emmanuel Ogbah, DE, Oklahoma State,2016
/player/erasmus-james?position=EDGE, Erasmus James, DE, Wisconsin,2005
/player/eric-moore?position=EDGE, Eric Moore, DE, Florida State,2005
/player/erik-flowers?position=EDGE, Erik Flowers, DE, Arizona State,2000
/player/ethan-westbrooks?position=EDGE, Ethan Westbrooks, DE, West Texas A&M,2014
/player/evan-schwan?position=EDGE, Evan Schwan, DE, Penn State,2017
/player/everette-brown?position=EDGE, Everette Brown, DE, Florida State,2009
/player/everson-griffen?position=EDGE, Everson Griffen, DE, USC,2010
/player/fadol-brown?position=EDGE, Fadol Brown, DE, Ole Miss,2017
/player/frank-alexander?position=EDGE, Frank Alexander, DE, Oklahoma,2012
/player/frank-clark?position=EDGE, Frank Clark, DE, Michigan,2015
/player/fred-wakefield?position=EDGE, Fred Wakefield, DE, Illinois,2001
/player/frostee-rucker?position=EDGE, Frostee Rucker, DE, USC,2006
/player/gabe-nyenhuis?position=EDGE, Gabe Nyenhuis, DE, Colorado,2004
/player/gaines-adams?position=EDGE, Gaines Adams, DE, Clemson,2007
/player/garrett-sickels?position=EDGE, Garrett Sickels, DE, Penn State,2017
/player/geneo-grissom?position=EDGE, Geneo Grissom, DE, Oklahoma,2015
/player/george-selvie?position=EDGE, George Selvie, DE, South Florida,2010
/player/george-uko?position=EDGE, George Uko, DE, USC,2014
/player/giorgio-newberry?position=EDGE, Giorgio Newberry, DE, Florida State,2016
/player/grant-irons?position=EDGE, Grant Irons, DE, Notre Dame,2002
/player/greg-hardy?position=EDGE, Greg Hardy, DE, Ole Miss,2010
/player/greg-middleton?position=EDGE, Greg Middleton, DE, Indiana,2010
/player/greg-scott?position=EDGE, Greg Scott, DE, Hampton,2002
/player/greg-taplin?position=EDGE, Greg Taplin, DE, Michigan State,2004
/player/greg-white?position=EDGE, Greg White, DE, Minnesota,2002
/player/haason-reddick?position=EDGE, Haason Reddick, DE, Temple,2017
/player/hall-davis?position=EDGE, Hall Davis, DE, Louisiana-Lafayette,2010
/player/harvey-langi?position=EDGE, Harvey Langi, DE, BYU,2017
/player/howard-jones?position=EDGE, Howard Jones, DE, Shepherd,2014
/player/ik-enemkpali?position=EDGE, IK Enemkpali, DE, Louisiana Tech,2014
/player/isaac-hilton?position=EDGE, Isaac Hilton, DE, Hampton,2004
/player/jj-watt?position=EDGE, J.J. Watt, DE, Wisconsin,2011
/player/jabaal-sheard?position=EDGE, Jabaal Sheard, DE, Pittsburgh,2011
/player/jack-crawford?position=EDGE, Jack Crawford, DE, Penn State,2012
/player/jackson-jeffcoat?position=EDGE, Jackson Jeffcoat, DE, Texas,2014
/player/jacob-ford?position=EDGE, Jacob Ford, DE, Central Arkansas,2007
/player/jacquies-smith?position=EDGE, Jacquies Smith, DE, Missouri,2012
/player/jadeveon-clowney?position=EDGE, Jadeveon Clowney, DE, South Carolina,2014
/player/jake-bequette?position=EDGE, Jake Bequette, DE, Arkansas,2012
/player/jamaal-anderson?position=EDGE, Jamaal Anderson, DE, Arkansas,2007
/player/jamaal-green?position=EDGE, Jamaal Green, DE, Miami,2003
/player/jamaar-jarrett?position=EDGE, Jamaar Jarrett, DE, Arizona State,2012
/player/jamal-reynolds?position=EDGE, Jamal Reynolds, DE, Florida State,2001
/player/james-cowser?position=EDGE, James Cowser, DE, Southern Utah,2016
/player/james-gayle?position=EDGE, James Gayle, DE, Virginia Tech,2014
/player/james-hall?position=EDGE, James Hall, DE, Michigan,2000
/player/james-wyche?position=EDGE, James Wyche, DE, Syracuse,2006
/player/jamie-blatnick?position=EDGE, Jamie Blatnick, DE, Oklahoma State,2012
/player/jammie-kirlew?position=EDGE, Jammie Kirlew, DE, Indiana,2010
/player/jared-allen?position=EDGE, Jared Allen, DE, Idaho State,2004
/player/jared-crick?position=EDGE, Jared Crick, DE, Nebraska,2012
/player/jarius-wynn?position=EDGE, Jarius Wynn, DE, Georgia,2009
/player/jarron-gilbert?position=EDGE, Jarron Gilbert, DE, San Jose State,2009
/player/jarvis-green?position=EDGE, Jarvis Green, DE, LSU,2002
/player/jarvis-moss?position=EDGE, Jarvis Moss, DE, Florida,2007
/player/jason-babin?position=EDGE, Jason Babin, DE, Western Michigan,2004
/player/jason-fanaika?position=EDGE, Jason Fanaika, DE, Utah,2016
/player/jason-hatcher?position=EDGE, Jason Hatcher, DE, Grambling State,2006
/player/jason-pierrepaul?position=EDGE, Jason Pierre-Paul, DE, South Florida,2010
/player/jason-jones?position=EDGE, Jason Jones, DE, Eastern Michigan,2008
/player/javon-nanton?position=EDGE, Javon Nanton, DE, Miami,2006
/player/jay-moore?position=EDGE, Jay Moore, DE, Nebraska,2007
/player/jay-richardson?position=EDGE, Jay Richardson, DE, Ohio State,2007
/player/jeoffrey-pagan?position=EDGE, Jeoffrey Pagan, DE, Alabama,2014
/player/jeremiah-attaochu?position=EDGE, Jeremiah Attaochu, DE, Georgia Tech,2014
/player/jeremiah-ledbetter?position=EDGE, Jeremiah Ledbetter, DE, Arkansas,2017
/player/jeremy-geathers?position=EDGE, Jeremy Geathers, DE, UNLV,2008
/player/jeremy-mincey?position=EDGE, Jeremy Mincey, DE, Florida,2006
/player/jeremy-thompson?position=EDGE, Jeremy Thompson, DE, Wake Forest,2008
/player/jermaine-cunningham?position=EDGE, Jermaine Cunningham, DE, Florida,2010
/player/jerome-mcdougle?position=EDGE, Jerome McDougle, DE, Miami,2003
/player/jesse-tarplin?position=EDGE, Jesse Tarplin, DE, Georgia Tech,1999
/player/jihad-ward?position=EDGE, Jihad Ward, DE, Illinois,2016
/player/jim-davis?position=EDGE, Jim Davis, DE, Virginia Tech,2005
/player/jimmy-bean?position=EDGE, Jimmy Bean, DE, Oklahoma State,2016
/player/jimmy-verdon?position=EDGE, Jimmy Verdon, DE, Arizona State,2005
/player/jimmy-wilkerson?position=EDGE, Jimmy Wilkerson, DE, Oklahoma,2003
/player/joe-clermond?position=EDGE, Joe Clermond, DE, Pittsburgh,2008
/player/joe-kruger?position=EDGE, Joe Kruger, DE, Utah,2013
/player/joe-tafoya?position=EDGE, Joe Tafoya, DE, Arizona,2001
/player/joey-bosa?position=EDGE, Joey Bosa, DE, Ohio State,2016
/player/john-engelberger?position=EDGE, John Engelberger, DE, Virginia Tech,2000
/player/john-frank?position=EDGE, John Frank, DE, Utah,2000
/player/john-simon?position=EDGE, John Simon, DE, Ohio State,2013
/player/john-stamper?position=EDGE, John Stamper, DE, South Carolina,2002
/player/johnny-dingle?position=EDGE, Johnny Dingle, DE, West Virginia,2008
/player/jonathan-allen?position=EDGE, Jonathan Allen, DE, Alabama,2017
/player/jonathan-mccall?position=EDGE, Jonathan McCall, DE, Central Michigan,1999
/player/jonathan-newsome?position=EDGE, Jonathan Newsome, DE, Ball State,2014
/player/jordan-willis?position=EDGE, Jordan Willis, DE, Kansas State,2017
/player/josh-carraway?position=EDGE, Josh Carraway, DE, TCU,2017
/player/josh-mauro?position=EDGE, Josh Mauro, DE, Stanford,2014
/player/jovan-haye?position=EDGE, Jovan Haye, DE, Vanderbilt,2005
/player/julian-howsare?position=EDGE, Julian Howsare, DE, Clarion,2015
/player/julian-jenkins?position=EDGE, Julian Jenkins, DE, Stanford,2006
/player/justin-francis?position=EDGE, Justin Francis, DE, Rutgers,2012
/player/justin-kurpeikis?position=EDGE, Justin Kurpeikis, DE, Penn State,2001
/player/justin-smith?position=EDGE, Justin Smith, DE, Missouri,2001
/player/kaleb-ramsey?position=EDGE, Kaleb Ramsey, DE, Boston College,2014
/player/kamalei-correa?position=EDGE, Kamalei Correa, DE, Boise State,2016
/player/kamerion-wimbley?position=EDGE, Kamerion Wimbley, DE, Florida State,2006
/player/karl-klug?position=EDGE, Karl Klug, DE, Iowa,2011
/player/karon-riley?position=EDGE, Karon Riley, DE, Minnesota,2001
/player/kasim-edebali?position=EDGE, Kasim Edebali, DE, Boston College,2014
/player/keion-adams?position=EDGE, Keion Adams, DE, Western Michigan,2017
/player/keionta-davis?position=EDGE, Keionta Davis, DE, Tennessee-Chattanooga,2017
/player/kendall-langford?position=EDGE, Kendall Langford, DE, Hampton,2008
/player/kenny-iwebema?position=EDGE, Kenny Iwebema, DE, Iowa,2008
/player/kenny-king?position=EDGE, Kenny King, DE, Alabama,2003
/player/kentrell-lockett?position=EDGE, Kentrell Lockett, DE, Ole Miss,2012
/player/kenyon-coleman?position=EDGE, Kenyon Coleman, DE, UCLA,2002
/player/kevin-basped?position=EDGE, Kevin Basped, DE, Nevada,2010
/player/kevin-dodd?position=EDGE, Kevin Dodd, DE, Clemson,2016
/player/kevin-emanuel?position=EDGE, Kevin Emanuel, DE, Florida State,2004
/player/kevin-williams?position=EDGE, Kevin Williams, DE, Oklahoma State,2003
/player/khaleed-vaughn?position=EDGE, Khaleed Vaughn, DE, Clemson,2004
/player/khari-long?position=EDGE, Khari Long, DE, Baylor,2005
/player/kindal-moorehead?position=EDGE, Kindal Moorehead, DE, Alabama,2003
/player/marcus-dixon?position=EDGE, Marcus Dixon, DE, Hampton,2008
/player/marcus-hardison?position=EDGE, Marcus Hardison, DE, Arizona State,2015
/player/marcus-spears?position=EDGE, Marcus Spears, DE, LSU,2005
/player/margus-hunt?position=EDGE, Margus Hunt, DE, SMU,2013
/player/mario-williams?position=EDGE, Mario Williams, DE, NC State,2006
/player/markus-golden?position=EDGE, Markus Golden, DE, Missouri,2015
/player/mark-anderson?position=EDGE, Mark Anderson, DE, Alabama,2006
/player/markus-white?position=EDGE, Markus White, DE, Florida State,2011
/player/marquise-hill?position=EDGE, Marquise Hill, DE, LSU,2004
/player/martin-ifedi?position=EDGE, Martin Ifedi, DE, Memphis,2015
/player/mathias-kiwanuka?position=EDGE, Mathias Kiwanuka, DE, Boston College,2006
/player/matt-judon?position=EDGE, Matt Judon, DE, Grand Valley State,2016
/player/matt-roth?position=EDGE, Matt Roth, DE, Iowa,2005
/player/matt-shaughnessy?position=EDGE, Matt Shaughnessy, DE, Wisconsin,2009
/player/matt-walters?position=EDGE, Matt Walters, DE, Miami,2003
/player/maurice-evans?position=EDGE, Maurice Evans, DE, Penn State,2009
/player/mehdi-abdesmad?position=EDGE, Mehdi Abdesmad, DE, Boston College,2016
/player/melvin-bradley?position=EDGE, Melvin Bradley, DE, Arkansas,1999
/player/menson-holloway?position=EDGE, Menson Holloway, DE, UTEP,2001
/player/michael-bennett-2009?position=EDGE, Michael Bennett, DE, Texas A&M,2009
/player/raheem-brock?position=EDGE, Raheem Brock, DE, Temple,2002
/player/rahim-alem?position=EDGE, Rahim Alem, DE, LSU,2010
/player/rameel-connor?position=EDGE, Rameel Connor, DE, Illinois,2000
/player/randy-gregory?position=EDGE, Randy Gregory, DE, Nebraska,2015
/player/ray-edwards?position=EDGE, Ray Edwards, DE, Purdue,2006
/player/raymond-house?position=EDGE, Raymond House, DE, Arkansas,2003
/player/reggie-hayward?position=EDGE, Reggie Hayward, DE, Iowa State,2001
/player/reggie-torbor?position=EDGE, Reggie Torbor, DE, Auburn,2004
/player/ricky-elmore?position=EDGE, Ricky Elmore, DE, Arizona,2011
/player/ricky-sapp?position=EDGE, Ricky Sapp, DE, Clemson,2010
/player/rob-meier?position=EDGE, Rob Meier, DE, Washington State,2000
/player/rob-ninkovich?position=EDGE, Rob Ninkovich, DE, Purdue,2006
/player/robert-ayers?position=EDGE, Robert Ayers, DE, Tennessee,2009
/player/robert-daniel?position=EDGE, Robert Daniel, DE, Northwestern State,1999
/player/robert-geathers?position=EDGE, Robert Geathers, DE, Georgia,2004
/player/robert-quinn?position=EDGE, Robert Quinn, DE, North Carolina,2011
/player/rod-coleman?position=EDGE, Rod Coleman, DE, ECU,1999
/player/rod-kelly?position=EDGE, Rod Kelly, DE, Northeastern State,2001
/player/roderick-green?position=EDGE, Roderick Green, DE, Central Missouri,2004
/player/romeo-okwara?position=EDGE, Romeo Okwara, DE, Notre Dame,2016
/player/noble-nwachukwu?position=EDGE, Noble Nwachukwu, DE, West Virginia,2017
/player/noland-burchette?position=EDGE, Noland Burchette, DE, Virginia Tech,2007
/player/obum-gwacham?position=EDGE, Obum Gwacham, DE, Oregon State,2015
/player/olivier-vernon?position=EDGE, Olivier Vernon, DE, Miami,2012
/player/omari-hand?position=EDGE, Omari Hand, DE, Tennessee,2003
/player/orion-martin?position=EDGE, Orion Martin, DE, Virginia Tech,2009
/player/owamagbe-odighizuwa?position=EDGE, Owamagbe Odighizuwa, DE, UCLA,2015
/player/pannel-egboh?position=EDGE, Pannel Egboh, DE, Stanford,2009
/player/parys-haralson?position=EDGE, Parys Haralson, DE, Tennessee,2006
/player/patrick-kerney?position=EDGE, Patrick Kerney, DE, Virginia,1999
/player/patterson-owens?position=EDGE, Patterson Owens, DE, Houston,1999
/player/paul-kruger?position=EDGE, Paul Kruger, DE, Utah,2009
/player/paul-toviessi?position=EDGE, Paul Toviessi, DE, Marshall,2001
/player/peppi-zellner?position=EDGE, Peppi Zellner, DE, Fort Valley State (GA),1999
/player/pernell-mcphee?position=EDGE, Pernell McPhee, DE, Mississippi State,2011
/player/preston-smith?position=EDGE, Preston Smith, DE, Mississippi State,2015
/player/quanterus-smith?position=EDGE, Quanterus Smith, DE, Western Kentucky,2013
/player/quentin-moses?position=EDGE, Quentin Moses, DE, Georgia,2007
/player/quinton-coples?position=EDGE, Quinton Coples, DE, North Carolina,2012
/player/quinton-reese?position=EDGE, Quinton Reese, DE, Auburn,2000
/player/michael-boireau?position=EDGE, Michael Boireau, DE, Miami,2000
/player/michael-haynes?position=EDGE, Michael Haynes, DE, Penn State,2003
/player/michael-johnson-2009?position=EDGE, Michael Johnson, DE, Georgia Tech,2009
/player/michael-sam?position=EDGE, Michael Sam, DE, Missouri,2014
/player/mike-buchanan?position=EDGE, Mike Buchanan, DE, Illinois,2013
/player/mike-kudla?position=EDGE, Mike Kudla, DE, Ohio State,2006
/player/mike-montgomery?position=EDGE, Mike Montgomery, DE, Texas A&M,2005
/player/mike-pringley?position=EDGE, Mike Pringley, DE, North Carolina,1999
/player/mike-rucker?position=EDGE, Mike Rucker, DE, Nebraska,1999
/player/mkristo-bruce?position=EDGE, Mkristo Bruce, DE, Washington State,2007
/player/montae-reagor?position=EDGE, Montae Reagor, DE, Texas Tech,1999
/player/monty-beisel?position=EDGE, Monty Beisel, DE, Kansas State,2001
/player/myles-garrett?position=EDGE, Myles Garrett, DE, Texas A&M,2017
/player/nate-orchard?position=EDGE, Nate Orchard, DE, Utah,2015
/player/nate-williams-2013?position=EDGE, Nate Williams, DE, Ohio State,2013
/player/nathaniel-adibi?position=EDGE, Nathaniel Adibi, DE, Virginia Tech,2004
/player/nautyn-mckayloescher?position=EDGE, Nautyn McKay-Loescher, DE, Alabama,2004
/player/nick-burley?position=EDGE, Nick Burley, DE, Fresno State,2003
/player/nick-perry?position=EDGE, Nick Perry, DE, USC,2012
/player/noah-spence?position=EDGE, Noah Spence, DE, Eastern Kentucky,2016
/player/kony-ealy?position=EDGE, Kony Ealy, DE, Missouri,2014
/player/kyle-moore?position=EDGE, Kyle Moore, DE, USC,2009
/player/kyle-vandenbosch?position=EDGE, Kyle Vanden Bosch, DE, Nebraska,2001
/player/lamar-king?position=EDGE, Lamar King, DE, Saginaw Valley State,1999
/player/lamont-bryant?position=EDGE, Lamont Bryant, DE, Notre Dame,2000
/player/larry-birdine?position=EDGE, Larry Birdine, DE, Oklahoma,2007
/player/larry-webster?position=EDGE, Larry Webster, DE, Bloomsburg,2014
/player/lavar-edwards?position=EDGE, Lavar Edwards, DE, LSU,2013
/player/lawrence-jackson?position=EDGE, Lawrence Jackson, DE, USC,2008
/player/lawrence-sidbury?position=EDGE, Lawrence Sidbury, DE, Richmond,2009
/player/lazarius-levingston?position=EDGE, Lazarius Levingston, DE, LSU,2011
/player/leonardo-carson?position=EDGE, Leonardo Carson, DE, Auburn,2000
/player/lindsey-witten?position=EDGE, Lindsey Witten, DE, Connecticut,2010
/player/lionel-barnes?position=EDGE, Lionel Barnes, DE, North Carolina Central,1999
/player/lonnie-ford?position=EDGE, Lonnie Ford, DE, USC,2002
/player/lorenzo-mauldin?position=EDGE, Lorenzo Mauldin, DE, Louisville,2015
/player/louis-holmes?position=EDGE, Louis Holmes, DE, Arizona,2008
/player/lynden-trail?position=EDGE, Lynden Trail, DE, Norfolk State,2015
/player/malik-jackson?position=EDGE, Malik Jackson, DE, Tennessee,2012
/player/malliciah-goodman?position=EDGE, Malliciah Goodman, DE, Clemson,2013
/player/ron-thompson?position=EDGE, Ron Thompson, DE, Syracuse,2016
/player/ronald-blair?position=EDGE, Ronald Blair, DE, Appalachian State,2016
/player/rulon-davis?position=EDGE, Rulon Davis, DE, California,2009
/player/ryan-delaire?position=EDGE, Ryan Delaire, DE, Towson,2015
/player/ryan-denney?position=EDGE, Ryan Denney, DE, BYU,2002
/player/ryan-kerrigan?position=EDGE, Ryan Kerrigan, DE, Purdue,2011
/player/ryan-lacasse?position=EDGE, Ryan LaCasse, DE, Syracuse,2006
/player/ryan-riddle?position=EDGE, Ryan Riddle, DE, California,2005
/player/ryan-russell?position=EDGE, Ryan Russell, DE, Purdue,2015
/player/rosevelt-colvin?position=EDGE, Rosevelt Colvin, DE, Purdue,1999
/player/ryan-winterswyk?position=EDGE, Ryan Winterswyk, DE, Boise State,2011
/player/sam-montgomery?position=EDGE, Sam Montgomery, DE, LSU,2013
/player/saul-patu?position=EDGE, Saul Patu, DE, Oregon,2001
/player/ross-kolodziej?position=EDGE, Ross Kolodziej, DE, Wisconsin,2001
/player/scott-crichton?position=EDGE, Scott Crichton, DE, Oregon State,2014
/player/scott-solomon?position=EDGE, Scott Solomon, DE, Rice,2012
/player/sean-guthrie?position=EDGE, Sean Guthrie, DE, Boston College,2002
/player/shane-ray?position=EDGE, Shane Ray, DE, Missouri,2015
/player/shaq-lawson?position=EDGE, Shaq Lawson, DE, Clemson,2016
/player/shaun-phillips?position=EDGE, Shaun Phillips, DE, Purdue,2004
/player/tevin-mims?position=EDGE, Tevin Mims, DE, South Florida,2014
/player/thomas-burke?position=EDGE, Thomas Burke, DE, Wisconsin,1999
/player/tim-beauchamp?position=EDGE, Tim Beauchamp, DE, Florida,1999
/player/tim-crowder?position=EDGE, Tim Crowder, DE, Texas,2007
/player/tim-jamison?position=EDGE, Tim Jamison, DE, Michigan,2009
/player/tim-williams?position=EDGE, Tim Williams, DE, Alabama,2017
/player/tommy-kelly?position=EDGE, Tommy Kelly, DE, Mississippi State,2004
/player/tony-bryant?position=EDGE, Tony Bryant, DE, Florida State,1999
/player/tourek-williams?position=EDGE, Tourek Williams, DE, FIU,2013
/player/travis-laboy?position=EDGE, Travis Laboy, DE, Hawai'i,2004
/player/trevardo-williams?position=EDGE, Trevardo Williams, DE, Connecticut,2013
/player/trevor-guyton?position=EDGE, Trevor Guyton, DE, California,2012
/player/trevor-johnson?position=EDGE, Trevor Johnson, DE, Nebraska,2004
/player/trey-flowers?position=EDGE, Trey Flowers, DE, Arkansas,2015
/player/trey-hendrickson?position=EDGE, Trey Hendrickson, DE, Florida Atlantic,2017
/player/tully-bantacain?position=EDGE, Tully Banta-Cain, DE, California,2003
/player/ty-powell?position=EDGE, Ty Powell, DE, Harding,2013
/player/tyler-brayton?position=EDGE, Tyler Brayton, DE, Colorado,2003
/player/tyler-king?position=EDGE, Tyler King, DE, Connecticut,2005
/player/tyrone-crawford?position=EDGE, Tyrone Crawford, DE, Boise State,2012
/player/william-gholston?position=EDGE, William Gholston, DE, Michigan State,2013
/player/willie-cohens?position=EDGE, Willie Cohens, DE, Florida,1999
/player/willie-young?position=EDGE, Willie Young, DE, NC State,2010
/player/xzavie-jackson?position=EDGE, Xzavie Jackson, DE, Missouri,2007
/player/yannick-ngakoue?position=EDGE, Yannick Ngakoue, DE, Maryland,2016
/player/zadarius-smith?position=EDGE, Za'Darius Smith, DE, Kentucky,2015
/player/zach-moore?position=EDGE, Zach Moore, DE, Concordia (MN),2014
/player/zach-potter?position=EDGE, Zach Potter, DE, Nebraska,2009
/player/zack-hodges?position=EDGE, Zack Hodges, DE, Harvard,2015
/player/zack-wagenmann?position=EDGE, Zack Wagenmann, DE, Montana,2015
/player/ziggy-ansah?position=EDGE, Ziggy Ansah, DE, BYU,2013
/player/shawn-oakman?position=EDGE, Shawn Oakman, DE, Baylor,2016
/player/shawne-merriman?position=EDGE, Shawne Merriman, DE, Maryland,2005
/player/shilique-calhoun?position=EDGE, Shilique Calhoun, DE, Michigan State,2016
/player/shurron-pierson?position=EDGE, Shurron Pierson, DE, South Florida,2003
/player/simon-fraser?position=EDGE, Simon Fraser, DE, Ohio State,2005
/player/solomon-thomas?position=EDGE, Solomon Thomas, DE, Stanford,2017
/player/stanley-mcclover?position=EDGE, Stanley McClover, DE, Auburn,2006
/player/stansly-maponga?position=EDGE, Stansly Maponga, DE, TCU,2013
/player/stephon-tuitt?position=EDGE, Stephon Tuitt, DE, Notre Dame,2014
/player/sterling-bailey?position=EDGE, Sterling Bailey, DE, Georgia,2016
/player/stryker-sulak?position=EDGE, Stryker Sulak, DE, Missouri,2009
/player/taco-charlton?position=EDGE, Taco Charlton, DE, Michigan,2017
/player/takkarist-mckinley?position=EDGE, Takkarist McKinley, DE, UCLA,2017
/player/talance-sawyer?position=EDGE, Talance Sawyer, DE, UNLV,1999
/player/tank-carradine?position=EDGE, Tank Carradine, DE, Florida State,2013
/player/tanoh-kpassagnon?position=EDGE, Tanoh Kpassagnon, DE, Villanova,2017
/player/tarell-basham?position=EDGE, Tarell Basham, DE, Ohio,2017
/player/tashawn-bower?position=EDGE, Tashawn Bower, DE, LSU,2017
/player/tavaris-barnes?position=EDGE, Tavaris Barnes, DE, Clemson,2015
/player/taylor-hart?position=EDGE, Taylor Hart, DE, Oregon,2014
/player/tyrone-holmes?position=EDGE, Tyrone Holmes, DE, Montana,2016
/player/tyson-alualu?position=EDGE, Tyson Alualu, DE, California,2010
/player/tyson-jackson?position=EDGE, Tyson Jackson, DE, LSU,2009
/player/ufomba-kamalu?position=EDGE, Ufomba Kamalu, DE, Miami,2016
/player/ugo-chinasa?position=EDGE, Ugo Chinasa, DE, Oklahoma State,2011
/player/uyi-osunde?position=EDGE, Uyi Osunde, DE, Connecticut,2004
/player/vernon-gholston?position=EDGE, Vernon Gholston, DE, Ohio State,2008
/player/vic-beasley?position=EDGE, Vic Beasley, DE, Clemson,2015
/player/victor-abiamiri?position=EDGE, Victor Abiamiri, DE, Notre Dame,2007
/player/victor-adeyanju?position=EDGE, Victor Adeyanju, DE, Indiana,2006
/player/victor-degrate?position=EDGE, Victor DeGrate, DE, Oklahoma State,2007
/player/victor-ochi?position=EDGE, Victor Ochi, DE, Stony Brook,2016
/player/vincent-burns?position=EDGE, Vincent Burns, DE, Kentucky,2005
/player/vinny-curry?position=EDGE, Vinny Curry, DE, Marshall,2012
/player/wallace-gilberry?position=EDGE, Wallace Gilberry, DE, Alabama,2008
/player/walt-stewart?position=EDGE, Walt Stewart, DE, Cincinnati,2013
/player/whitney-mercilus?position=EDGE, Whitney Mercilus, DE, Illinois,2012
/player/will-clarke?position=EDGE, Will Clarke, DE, West Virginia,2014
/player/will-davis?position=EDGE, Will Davis, DE, Illinois,2009
/player/will-overstreet?position=EDGE, Will Overstreet, DE, Tennessee,2002