/player/aj-mccarron?position=QB, A.J. McCarron, QB, Alabama,2014
/player/aaron-brooks?position=QB, Aaron Brooks, QB, Virginia,1999
/player/aaron-corp?position=QB, Aaron Corp, QB, Richmond,2012
/player/aaron-murray?position=QB, Aaron Murray, QB, Georgia,2014
/player/aaron-rodgers?position=QB, Aaron Rodgers, QB, California,2005
/player/adam-tafralis?position=QB, Adam Tafralis, QB, San Jose State,2008
/player/adrian-mcpherson?position=QB, Adrian McPherson, QB, Florida State,2005
/player/akili-smith?position=QB, Akili Smith, QB, Oregon,1999
/player/alex-brink?position=QB, Alex Brink, QB, Washington State,2008
/player/alex-smith-2005?position=QB, Alex Smith, QB, Utah,2005
/player/andrew-luck?position=QB, Andrew Luck, QB, Stanford,2012
/player/andy-dalton?position=QB, Andy Dalton, QB, TCU,2011
/player/anthony-boone?position=QB, Anthony Boone, QB, Duke,2015
/player/anthony-morelli?position=QB, Anthony Morelli, QB, Penn State,2008
/player/anthony-wright?position=QB, Anthony Wright, QB, South Carolina,1999
/player/austin-davis?position=QB, Austin Davis, QB, Southern Miss,2012
/player/bj-coleman?position=QB, B.J. Coleman, QB, Tennessee-Chattanooga,2012
/player/barrick-nealy?position=QB, Barrick Nealy, QB, Texas State,2006
/player/ben-roethlisberger?position=QB, Ben Roethlisberger, QB, Miami (Ohio),2004
/player/bernard-morris?position=QB, Bernard Morris, QB, Marshall,2008
/player/brian-stpierre?position=QB, Brian St. Pierre, QB, Boston College,2003
/player/brock-berlin?position=QB, Brock Berlin, QB, Miami,2005
/player/brock-huard?position=QB, Brock Huard, QB, Washington,1999
/player/brock-osweiler?position=QB, Brock Osweiler, QB, Arizona State,2012
/player/brodie-croyle?position=QB, Brodie Croyle, QB, Alabama,2006
/player/bruce-eugene?position=QB, Bruce Eugene, QB, Grambling State,2006
/player/bruce-gradkowski?position=QB, Bruce Gradkowski, QB, Toledo,2006
/player/bryan-bennett?position=QB, Bryan Bennett, QB, Southeastern Louisiana,2015
/player/bryan-randall?position=QB, Bryan Randall, QB, Virginia Tech,2005
/player/bryce-petty?position=QB, Bryce Petty, QB, Baylor,2015
/player/bryn-renner?position=QB, Bryn Renner, QB, North Carolina,2014
/player/byron-leftwich?position=QB, Byron Leftwich, QB, Marshall,2003
/player/cj-beathard?position=QB, C.J. Beathard, QB, Iowa,2017
/player/cade-mcnown?position=QB, Cade McNown, QB, UCLA,1999
/player/cam-newton?position=QB, Cam Newton, QB, Auburn,2011
/player/cardale-jones?position=QB, Cardale Jones, QB, Ohio State,2016
/player/carson-palmer?position=QB, Carson Palmer, QB, USC,2003
/player/carson-wentz?position=QB, Carson Wentz, QB, North Dakota State,2016
/player/case-keenum?position=QB, Case Keenum, QB, Houston,2012
/player/chad-henne?position=QB, Chad Henne, QB, Michigan,2008
/player/chad-pennington?position=QB, Chad Pennington, QB, Marshall,2000
/player/chandler-harnish?position=QB, Chandler Harnish, QB, Northern Illinois,2012
/player/charlie-frye?position=QB, Charlie Frye, QB, Akron,2005
/player/charlie-whitehurst?position=QB, Charlie Whitehurst, QB, Clemson,2006
/player/chase-daniel?position=QB, Chase Daniel, QB, Missouri,2009
/player/chase-holbrook?position=QB, Chase Holbrook, QB, New Mexico State,2009
/player/chris-greisen?position=QB, Chris Greisen, QB, Northwest Missouri State,1999
/player/chris-leak?position=QB, Chris Leak, QB, Florida,2007
/player/chris-redman?position=QB, Chris Redman, QB, Louisville,2000
/player/chris-rix?position=QB, Chris Rix, QB, Florida State,2005
/player/chris-simms?position=QB, Chris Simms, QB, Texas,2003
/player/christian-hackenberg?position=QB, Christian Hackenberg, QB, Penn State,2016
/player/christian-ponder?position=QB, Christian Ponder, QB, Florida State,2011
/player/cleo-lemon?position=QB, Cleo Lemon, QB, Arkansas State,2001
/player/cody-fajardo?position=QB, Cody Fajardo, QB, Nevada,2015
/player/cody-kessler?position=QB, Cody Kessler, QB, USC,2016
/player/cody-pickett?position=QB, Cody Pickett, QB, Washington,2004
/player/colby-cameron?position=QB, Colby Cameron, QB, Louisiana Tech,2013
/player/colin-kaepernick?position=QB, Colin Kaepernick, QB, Nevada,2011
/player/collin-klein?position=QB, Collin Klein, QB, Kansas State,2013
/player/james-vandenberg?position=QB, James Vandenberg, QB, Iowa,2013
/player/jared-allen-2005?position=QB, Jared Allen, QB, Florida Atlantic,2005
/player/jared-goff?position=QB, Jared Goff, QB, California,2016
/player/jared-zabransky?position=QB, Jared Zabransky, QB, Boise State,2007
/player/jarious-jackson?position=QB, Jarious Jackson, QB, Notre Dame,2000
/player/jarrett-brown?position=QB, Jarrett Brown, QB, West Virginia,2010
/player/jason-boltus?position=QB, Jason Boltus, QB, Hartwick,2009
/player/jason-campbell?position=QB, Jason Campbell, QB, Auburn,2005
/player/jason-fife?position=QB, Jason Fife, QB, Oregon,2004
/player/jason-maas?position=QB, Jason Maas, QB, Oregon,1999
/player/jason-white?position=QB, Jason White, QB, Oklahoma,2005
/player/jay-cutler?position=QB, Jay Cutler, QB, Vanderbilt,2006
/player/jeff-driskel?position=QB, Jeff Driskel, QB, Louisiana Tech,2016
/player/jeff-mathews?position=QB, Jeff Mathews, QB, Cornell,2014
/player/jeff-rowe?position=QB, Jeff Rowe, QB, Nevada,2007
/player/jeff-smoker?position=QB, Jeff Smoker, QB, Michigan State,2004
/player/jeff-vancamp?position=QB, Jeff Van Camp, QB, Florida Atlantic,2011
/player/jerod-evans?position=QB, Jerod Evans, QB, Virginia Tech,2017
/player/jerrod-johnson?position=QB, Jerrod Johnson, QB, Texas A&M,2011
/player/jerry-lovelocke?position=QB, Jerry Lovelocke, QB, Prairie View A&M,2015
/player/bill-burke?position=QB, Bill Burke, QB, Michigan State,2000
/player/blaine-gabbert?position=QB, Blaine Gabbert, QB, Missouri,2011
/player/blake-bortles?position=QB, Blake Bortles, QB, UCF,2014
/player/blake-sims?position=QB, Blake Sims, QB, Alabama,2015
/player/brad-banks?position=QB, Brad Banks, QB, Iowa,2003
/player/brad-kaaya?position=QB, Brad Kaaya, QB, Miami,2017
/player/brad-smith?position=QB, Brad Smith, QB, Missouri,2006
/player/brad-sorensen?position=QB, Brad Sorensen, QB, Southern Utah,2013
/player/bradlee-vanpelt?position=QB, Bradlee Van Pelt, QB, Colorado State,2004
/player/brady-quinn?position=QB, Brady Quinn, QB, Notre Dame,2007
/player/brandon-allen?position=QB, Brandon Allen, QB, Arkansas,2016
/player/brandon-bridge?position=QB, Brandon Bridge, QB, South Alabama,2015
/player/brandon-doman?position=QB, Brandon Doman, QB, BYU,2002
/player/brandon-doughty?position=QB, Brandon Doughty, QB, Western Kentucky,2016
/player/brandon-weeden?position=QB, Brandon Weeden, QB, Oklahoma State,2012
/player/brett-basanez?position=QB, Brett Basanez, QB, Northwestern,2006
/player/brett-hundley?position=QB, Brett Hundley, QB, UCLA,2015
/player/brian-brohm?position=QB, Brian Brohm, QB, Louisville,2008
/player/brian-hoyer?position=QB, Brian Hoyer, QB, Michigan State,2009
/player/brian-kuklick?position=QB, Brian Kuklick, QB, Wake Forest,1999
/player/erik-ainge?position=QB, Erik Ainge, QB, Tennessee,2008
/player/erik-meyer?position=QB, Erik Meyer, QB, Eastern Washington,2006
/player/garrett-grayson?position=QB, Garrett Grayson, QB, Colorado State,2015
/player/geno-smith?position=QB, Geno Smith, QB, West Virginia,2013
/player/gino-guidugli?position=QB, Gino Guidugli, QB, Cincinnati,2005
/player/giovanni-carmazzi?position=QB, Giovanni Carmazzi, QB, Hofstra,2000
/player/graham-harrell?position=QB, Graham Harrell, QB, Texas Tech,2009
/player/graham-leigh?position=QB, Graham Leigh, QB, New Mexico,1999
/player/greg-mcelroy?position=QB, Greg McElroy, QB, Alabama,2011
/player/greg-zolman?position=QB, Greg Zolman, QB, Vanderbilt,2002
/player/hunter-cantwell?position=QB, Hunter Cantwell, QB, Louisville,2009
/player/ingle-martin?position=QB, Ingle Martin, QB, Furman,2006
/player/jp-losman?position=QB, J.P. Losman, QB, Tulane,2004
/player/jt-osullivan?position=QB, J.T. O'Sullivan, QB, Cal Davis,2002
/player/jamarcus-russell?position=QB, JaMarcus Russell, QB, LSU,2007
/player/jacoby-brissett?position=QB, Jacoby Brissett, QB, NC State,2016
/player/jacory-harris?position=QB, Jacory Harris, QB, Miami,2012
/player/jake-locker?position=QB, Jake Locker, QB, Washington,2011
/player/jameis-winston?position=QB, Jameis Winston, QB, Florida State,2015
/player/james-pinkney?position=QB, James Pinkney, QB, ECU,2007
/player/jesse-palmer?position=QB, Jesse Palmer, QB, Florida,2001
/player/jevan-snead?position=QB, Jevan Snead, QB, Ole Miss,2010
/player/jimmy-clausen?position=QB, Jimmy Clausen, QB, Notre Dame,2010
/player/jimmy-garoppolo?position=QB, Jimmy Garoppolo, QB, Eastern Illinois,2014
/player/joe-flacco?position=QB, Joe Flacco, QB, Delaware,2008
/player/joe-germaine?position=QB, Joe Germaine, QB, Ohio State,1999
/player/joe-hamilton?position=QB, Joe Hamilton, QB, Georgia Tech,2000
/player/joel-stave?position=QB, Joel Stave, QB, Wisconsin,2016
/player/joey-harrington?position=QB, Joey Harrington, QB, Oregon,2002
/player/john-beck?position=QB, John Beck, QB, BYU,2007
/player/johndavid-booty?position=QB, John David Booty, QB, USC,2008
/player/john-skelton?position=QB, John Skelton, QB, Fordham,2010
/player/john-navarre?position=QB, John Navarre, QB, Michigan,2004
/player/john-stocco?position=QB, John Stocco, QB, Wisconsin,2007
/player/johnparker-wilson?position=QB, JohnParker Wilson, QB, Alabama,2009
/player/johnny-manziel?position=QB, Johnny Manziel, QB, Texas A&M,2014
/player/jonathan-beasley?position=QB, Jonathan Beasley, QB, Kansas State,2001
/player/jordan-jefferson?position=QB, Jordan Jefferson, QB, LSU,2012
/player/jordan-lynch-2014-2?position=QB, Jordan Lynch, QB, Northern Illinois,2014
/player/jordan-lynch?position=QB, Jordan Lynch, QB, Northern Illinois,2014
/player/mark-sanchez?position=QB, Mark Sanchez, QB, USC,2009
/player/marqueis-gray?position=QB, Marqueis Gray, QB, Minnesota,2013
/player/marques-tuiasosopo?position=QB, Marques Tuiasosopo, QB, Washington,2001
/player/matt-barkley?position=QB, Matt Barkley, QB, USC,2013
/player/matt-flynn?position=QB, Matt Flynn, QB, LSU,2008
/player/matt-gutierrez?position=QB, Matt Gutierrez, QB, Idaho State,2007
/player/matt-leinart?position=QB, Matt Leinart, QB, USC,2006
/player/matt-ryan?position=QB, Matt Ryan, QB, Boston College,2008
/player/matt-schaub?position=QB, Matt Schaub, QB, Virginia,2004
/player/matt-scott?position=QB, Matt Scott, QB, Arizona,2013
/player/matthew-stafford?position=QB, Matthew Stafford, QB, Georgia,2009
/player/max-hall?position=QB, Max Hall, QB, BYU,2010
/player/michael-bishop?position=QB, Michael Bishop, QB, Kansas State,1999
/player/michael-vick?position=QB, Michael Vick, QB, Virginia Tech,2001
/player/mike-cook?position=QB, Mike Cook, QB, William & Mary,1999
/player/mike-glennon?position=QB, Mike Glennon, QB, NC State,2013
/player/mike-kafka?position=QB, Mike Kafka, QB, Northwestern,2010
/player/mike-mcmahon?position=QB, Mike McMahon, QB, Rutgers,2001
/player/mike-reilly?position=QB, Mike Reilly, QB, Central Washington,2009
/player/mitch-leidner?position=QB, Mitch Leidner, QB, Minnesota,2017
/player/jordan-lynch-2014-1?position=QB, Jordan Lynch, QB, Northern Illinois,2014
/player/jordan-palmer?position=QB, Jordan Palmer, QB, UTEP,2007
/player/josh-blankenship?position=QB, Josh Blankenship, QB, Tulsa,2003
/player/josh-booty?position=QB, Josh Booty, QB, LSU,2001
/player/josh-freeman?position=QB, Josh Freeman, QB, Kansas State,2009
/player/josh-haldi?position=QB, Josh Haldi, QB, Northern Illinois,2005
/player/josh-harris?position=QB, Josh Harris, QB, Bowling Green,2004
/player/josh-heupel?position=QB, Josh Heupel, QB, Oklahoma,2001
/player/josh-johnson?position=QB, Josh Johnson, QB, San Diego,2008
/player/josh-mccown?position=QB, Josh McCown, QB, Sam Houston State,2002
/player/josh-portis?position=QB, Josh Portis, QB, California (PA),2011
/player/josh-swogger?position=QB, Josh Swogger, QB, Montana,2007
/player/josh-woodrum?position=QB, Josh Woodrum, QB, Liberty,2016
/player/joshua-dobbs?position=QB, Joshua Dobbs, QB, Tennessee,2017
/player/justin-coleman?position=QB, Justin Coleman, QB, Nebraska-Kearney,2001
/player/justin-fuente?position=QB, Justin Fuente, QB, Murray State,2000
/player/juston-wood?position=QB, Juston Wood, QB, Portland State,2003
/player/keith-wenning?position=QB, Keith Wenning, QB, Ball State,2014
/player/kellen-clemens?position=QB, Kellen Clemens, QB, Oregon,2006
/player/kellen-moore?position=QB, Kellen Moore, QB, Boise State,2012
/player/kevin-daft?position=QB, Kevin Daft, QB, Cal Davis,1999
/player/kent-smith?position=QB, Kent Smith, QB, Central Michigan,2006
/player/kevin-feterik?position=QB, Kevin Feterik, QB, BYU,2000
/player/kevin-hogan?position=QB, Kevin Hogan, QB, Stanford,2016
/player/kevin-kolb?position=QB, Kevin Kolb, QB, Houston,2007
/player/kevin-oconnell?position=QB, Kevin O'Connell, QB, San Diego State,2008
/player/kirk-cousins?position=QB, Kirk Cousins, QB, Michigan State,2012
/player/kliff-kingsbury?position=QB, Kliff Kingsbury, QB, Texas Tech,2003
/player/kurt-kittner?position=QB, Kurt Kittner, QB, Illinois,2002
/player/kyle-boller?position=QB, Kyle Boller, QB, California,2003
/player/kyle-orton?position=QB, Kyle Orton, QB, Purdue,2005
/player/kyle-wright?position=QB, Kyle Wright, QB, Miami,2008
/player/landry-jones?position=QB, Landry Jones, QB, Oklahoma,2013
/player/levi-brown-2010?position=QB, Levi Brown, QB, Troy,2010
/player/luke-getsy?position=QB, Luke Getsy, QB, Akron,2007
/player/luke-mccown?position=QB, Luke McCown, QB, Louisiana Tech,2004
/player/marc-bulger?position=QB, Marc Bulger, QB, West Virginia,2000
/player/marcus-mariota?position=QB, Marcus Mariota, QB, Oregon,2015
/player/marcus-vick?position=QB, Marcus Vick, QB, Virginia Tech,2006
/player/mark-garcia?position=QB, Mark Garcia, QB, Ohio State,1999
/player/david-fales?position=QB, David Fales, QB, San Jose State,2014
/player/david-garrard?position=QB, David Garrard, QB, ECU,2002
/player/david-greene?position=QB, David Greene, QB, Georgia,2005
/player/david-neill?position=QB, David Neill, QB, Nevada,2002
/player/david-rivers?position=QB, David Rivers, QB, Western Carolina,2001
/player/davis-webb?position=QB, Davis Webb, QB, California,2017
/player/deshone-kizer?position=QB, DeShone Kizer, QB, Notre Dame,2017
/player/derek-anderson?position=QB, Derek Anderson, QB, Oregon State,2005
/player/derek-carr?position=QB, Derek Carr, QB, Fresno State,2014
/player/deshaun-watson?position=QB, Deshaun Watson, QB, Clemson,2017
/player/donovan-mcnabb?position=QB, Donovan McNabb, QB, Syracuse,1999
/player/doug-johnson?position=QB, Doug Johnson, QB, Florida,2000
/player/drew-brees?position=QB, Drew Brees, QB, Purdue,2001
/player/drew-olson?position=QB, Drew Olson, QB, UCLA,2006
/player/drew-stanton?position=QB, Drew Stanton, QB, Michigan State,2007
/player/drew-willy?position=QB, Drew Willy, QB, Buffalo,2009
/player/dustin-long?position=QB, Dustin Long, QB, Sam Houston State,2005
/player/dustin-vaughan?position=QB, Dustin Vaughan, QB, West Texas A&M,2014
/player/ej-manuel?position=QB, E.J. Manuel, QB, Florida State,2013
/player/eli-manning?position=QB, Eli Manning, QB, Ole Miss,2004
/player/stephen-mcgee?position=QB, Stephen McGee, QB, Texas A&M,2009
/player/stephen-morris?position=QB, Stephen Morris, QB, Miami,2014
/player/tj-yates?position=QB, T.J. Yates, QB, North Carolina,2011
/player/tajh-boyd?position=QB, Tajh Boyd, QB, Clemson,2014
/player/tarvaris-jackson?position=QB, Tarvaris Jackson, QB, Alabama State,2006
/player/ted-white?position=QB, Ted White, QB, Howard,1999
/player/teddy-bridgewater?position=QB, Teddy Bridgewater, QB, Louisville,2014
/player/tee-martin?position=QB, Tee Martin, QB, Tennessee,2000
/player/thaddeus-lewis?position=QB, Thaddeus Lewis, QB, Duke,2010
/player/tim-couch?position=QB, Tim Couch, QB, Kentucky,1999
/player/tim-hasselbeck?position=QB, Tim Hasselbeck, QB, Boston College,2001
/player/tim-hiller?position=QB, Tim Hiller, QB, Western Michigan,2010
/player/tim-lester?position=QB, Tim Lester, QB, Western Michigan,2000
/player/tim-rattay?position=QB, Tim Rattay, QB, Louisiana Tech,2000
/player/tim-tebow?position=QB, Tim Tebow, QB, Florida,2010
/player/timmy-chang?position=QB, Timmy Chang, QB, Hawai'i,2005
/player/toby-korrodi?position=QB, Toby Korrodi, QB, Central Missouri,2007
/player/todd-bandhaur?position=QB, Todd Bandhaur, QB, Iowa State,1999
/player/todd-husak?position=QB, Todd Husak, QB, Stanford,2000
/player/tom-brady?position=QB, Tom Brady, QB, Michigan,2000
/player/quincy-carter?position=QB, Quincy Carter, QB, Georgia,2001
/player/quinton-porter?position=QB, Quinton Porter, QB, Boston College,2006
/player/randy-fasani?position=QB, Randy Fasani, QB, Stanford,2002
/player/reggie-mcneal?position=QB, Reggie McNeal, QB, Texas A&M,2006
/player/rex-grossman?position=QB, Rex Grossman, QB, Florida,2003
/player/rhett-bomar?position=QB, Rhett Bomar, QB, Sam Houston State,2009
/player/ricky-stanzi?position=QB, Ricky Stanzi, QB, Iowa,2011
/player/riley-skinner?position=QB, Riley Skinner, QB, Wake Forest,2010
/player/robert-griffin?position=QB, Robert Griffin, QB, Baylor,2012
/player/robert-kent?position=QB, Robert Kent, QB, Jackson State,2004
/player/rod-rutherford?position=QB, Rod Rutherford, QB, Pittsburgh,2004
/player/rohan-davey?position=QB, Rohan Davey, QB, LSU,2002
/player/romaro-miller?position=QB, Romaro Miller, QB, Ole Miss,2001
/player/ronald-curry?position=QB, Ronald Curry, QB, North Carolina,2002
/player/russell-wilson?position=QB, Russell Wilson, QB, Wisconsin,2012
/player/ryan-colburn?position=QB, Ryan Colburn, QB, Fresno State,2011
/player/ryan-fitzpatrick?position=QB, Ryan Fitzpatrick, QB, Harvard,2005
/player/ryan-lindley?position=QB, Ryan Lindley, QB, San Diego State,2012
/player/ryan-mallett?position=QB, Ryan Mallett, QB, Arkansas,2011
/player/ryan-nassib?position=QB, Ryan Nassib, QB, Syracuse,2013
/player/ryan-tannehill?position=QB, Ryan Tannehill, QB, Texas A&M,2012
/player/sage-rosenfels?position=QB, Sage Rosenfels, QB, Iowa State,2001
/player/sam-bradford?position=QB, Sam Bradford, QB, Oklahoma,2010
/player/sam-keller?position=QB, Sam Keller, QB, Nebraska,2008
/player/scott-covington?position=QB, Scott Covington, QB, Miami,1999
/player/scott-dreisbach?position=QB, Scott Dreisbach, QB, Michigan,1999
/player/scott-rislov?position=QB, Scott Rislov, QB, San Jose State,2004
/player/scott-tolzien?position=QB, Scott Tolzien, QB, Wisconsin,2011
/player/sean-canfield?position=QB, Sean Canfield, QB, Oregon State,2010
/player/sean-keenan?position=QB, Sean Keenan, QB, Williams,2000
/player/sean-mannion?position=QB, Sean Mannion, QB, Oregon State,2015
/player/sean-renfree?position=QB, Sean Renfree, QB, Duke,2013
/player/sefo-liufau?position=QB, Sefo Liufau, QB, Colorado,2017
/player/seneca-wallace?position=QB, Seneca Wallace, QB, Iowa State,2003
/player/seth-russell?position=QB, Seth Russell, QB, Baylor,2017
/player/shane-carden?position=QB, Shane Carden, QB, East Carolina,2015
/player/shane-griggs?position=QB, Shane Griggs, QB, Idaho State,2001
/player/shaun-king?position=QB, Shaun King, QB, Tulane,1999
/player/spergon-wynn?position=QB, Spergon Wynn, QB, Texas State,2000
/player/stefan-lefors?position=QB, Stefan LeFors, QB, Louisville,2005
/player/colt-mccoy?position=QB, Colt McCoy, QB, Texas,2010
/player/connor-cook?position=QB, Connor Cook, QB, Michigan State,2016
/player/connor-halliday?position=QB, Connor Halliday, QB, Washington State,2015
/player/connor-shaw?position=QB, Connor Shaw, QB, South Carolina,2014
/player/cooper-rush?position=QB, Cooper Rush, QB, Central Michigan,2017
/player/craig-krenzel?position=QB, Craig Krenzel, QB, Ohio State,2004
/player/craig-ochs?position=QB, Craig Ochs, QB, Montana,2005
/player/cullen-harper?position=QB, Cullen Harper, QB, Clemson,2009
/player/curtis-painter?position=QB, Curtis Painter, QB, Purdue,2009
/player/d-bryant?position=QB, D Bryant, QB, Duke,2003
/player/dj-shockley?position=QB, D.J. Shockley, QB, Georgia,2006
/player/dak-prescott?position=QB, Dak Prescott, QB, Mississippi State,2016
/player/dan-lefevour?position=QB, Dan LeFevour, QB, Central Michigan,2010
/player/dan-orlovsky?position=QB, Dan Orlovsky, QB, Connecticut,2005
/player/darrell-hackney?position=QB, Darrell Hackney, QB, UAB,2006
/player/darron-thomas?position=QB, Darron Thomas, QB, Oregon,2012
/player/daryll-clark?position=QB, Daryll Clark, QB, Penn State,2010
/player/daunte-culpepper?position=QB, Daunte Culpepper, QB, UCF,1999
/player/dave-ragone?position=QB, Dave Ragone, QB, Louisville,2003
/player/david-carr?position=QB, David Carr, QB, Fresno State,2002
/player/tom-brandstater?position=QB, Tom Brandstater, QB, Fresno State,2009
/player/tom-savage?position=QB, Tom Savage, QB, Pittsburgh,2014
/player/tony-pike?position=QB, Tony Pike, QB, Cincinnati,2010
/player/tony-romo?position=QB, Tony Romo, QB, Eastern Illinois,2003
/player/travis-brown?position=QB, Travis Brown, QB, Northern Arizona,2000
/player/travis-lulay?position=QB, Travis Lulay, QB, Montana State,2006
/player/trent-edwards?position=QB, Trent Edwards, QB, Stanford,2007
/player/trevone-boykin?position=QB, Trevone Boykin, QB, TCU,2016
/player/trevor-knight?position=QB, Trevor Knight, QB, Texas A&M,2017
/player/tyler-bray?position=QB, Tyler Bray, QB, Tennessee,2013
/player/tyler-hansen?position=QB, Tyler Hansen, QB, Colorado,2012
/player/tyler-palko?position=QB, Tyler Palko, QB, Pittsburgh,2007
/player/tyler-wilson?position=QB, Tyler Wilson, QB, Arkansas,2013
/player/tyrod-taylor?position=QB, Tyrod Taylor, QB, Virginia Tech,2011
/player/vernon-adams?position=QB, Vernon Adams, QB, Oregon,2016
/player/vince-young?position=QB, Vince Young, QB, Texas,2006
/player/zac-dysert?position=QB, Zac Dysert, QB, Miami (Ohio),2013
/player/zac-robinson?position=QB, Zac Robinson, QB, Oklahoma State,2010
/player/zac-taylor?position=QB, Zac Taylor, QB, Nebraska,2007
/player/zach-mettenberger?position=QB, Zach Mettenberger, QB, LSU,2014
/player/mitch-trubisky?position=QB, Mitchell Trubisky, QB, North Carolina,2017
/player/nate-davis?position=QB, Nate Davis, QB, Ball State,2009
/player/nate-sudfeld?position=QB, Nate Sudfeld, QB, Indiana,2016
/player/nathan-brown?position=QB, Nathan Brown, QB, Central Arkansas,2009
/player/nathan-enderle?position=QB, Nathan Enderle, QB, Idaho,2011
/player/nathan-peterman?position=QB, Nathan Peterman, QB, Pittsburgh,2017
/player/nick-foles?position=QB, Nick Foles, QB, Arizona,2012
/player/nick-marshall?position=QB, Nick Marshall, QB, Auburn,2015
/player/omar-jacobs?position=QB, Omar Jacobs, QB, Bowling Green,2006
/player/ortege-jenkins?position=QB, Ortege Jenkins, QB, Arizona,2001
/player/oscar-davenport?position=QB, Oscar Davenport, QB, North Carolina,1999
/player/pat-devlin?position=QB, Pat Devlin, QB, Delaware,2011
/player/pat-white?position=QB, Pat White, QB, West Virginia,2009
/player/patrick-mahomes?position=QB, Patrick Mahomes, QB, Texas Tech,2017
/player/patrick-ramsey?position=QB, Patrick Ramsey, QB, Tulane,2002
/player/patrick-witt?position=QB, Patrick Witt, QB, Yale,2012
/player/paul-pinegar?position=QB, Paul Pinegar, QB, Fresno State,2006
/player/paul-smith-2008?position=QB, Paul Smith, QB, Tulsa,2008
/player/paxton-lynch?position=QB, Paxton Lynch, QB, Memphis,2016
/player/philip-rivers?position=QB, Philip Rivers, QB, NC State,2004